{"cameraMode":{"drawMode":0,"name":"Shaded","section":"Shading Mode"},"sceneLighting":true,"audioPlay":false,"sceneViewState":{"m_AlwaysRefresh":false,"showFog":true,"showSkybox":true,"showFlares":true,"showImageEffects":true,"showParticleSystems":true,"showVisualEffectGraphs":true,"m_FxEnabled":true},"in2DMode":false,"pivot":{"x":-4.811302661895752,"y":-0.3872497081756592,"z":-6.661590576171875},"rotation":{"x":0.026906145736575128,"y":-0.9619576334953308,"z":0.10283761471509934,"w":0.25168099999427798},"size":4.828274726867676,"orthographic":false}