{"cameraMode":{"drawMode":0,"name":"Shaded","section":"Shading Mode"},"sceneLighting":true,"audioPlay":false,"sceneViewState":{"m_AlwaysRefresh":false,"showFog":true,"showSkybox":true,"showFlares":true,"showImageEffects":true,"showParticleSystems":true,"showVisualEffectGraphs":true,"m_FxEnabled":true},"in2DMode":false,"pivot":{"x":-2.7561779022216799,"y":1.7140194177627564,"z":0.13493037223815919},"rotation":{"x":0.0009831959614530206,"y":-0.9447682499885559,"z":0.0028343128506094219,"w":0.3277271091938019},"size":1.8088128566741944,"orthographic":false}